{
  "shape": {
    "M": 2,
    "N": 4096,
    "K": 4096
  },
  "rocblas_ms": 0.011,
  "results": [
    {
      "label": "t16x16x256_preB",
      "ms_best": 0.016003921627998352,
      "ms_median": 0.016025276854634285,
      "tflops_best": 4.193276220660514,
      "gbs_best": 2098.6856084848764,
      "pct_hbm": 26.233570106060956,
      "vs_rocblas_ratio": 1.4549019661816684,
      "max_abs_diff": 0.0
    },
    {
      "label": "t16x16x512_preB",
      "ms_best": 0.013343915343284607,
      "ms_median": 0.013376511633396149,
      "tflops_best": 5.029173392783316,
      "gbs_best": 2517.042347462353,
      "pct_hbm": 31.463029343279413,
      "vs_rocblas_ratio": 1.2130832130258735,
      "max_abs_diff": 0.0
    },
    {
      "label": "t16x16x256_compv4_preB",
      "ms_best": 0.01711385790258646,
      "ms_median": 0.017138300463557243,
      "tflops_best": 3.9213171210132383,
      "gbs_best": 1962.5732661321138,
      "pct_hbm": 24.532165826651422,
      "vs_rocblas_ratio": 1.5558052638714965,
      "max_abs_diff": 0.0
    },
    {
      "label": "t16x16x512_compv4_preB",
      "ms_best": 0.014393748715519905,
      "ms_median": 0.014635599218308926,
      "tflops_best": 4.662361788186603,
      "gbs_best": 2333.4574379351893,
      "pct_hbm": 29.168217974189865,
      "vs_rocblas_ratio": 1.3085226105018097,
      "max_abs_diff": 0.0
    }
  ]
}
